district,municipality
Tullinge,Botkyrka
Tullinge Riksten,Botkyrka
Grödinge,Botkyrka
Botkyrka,Botkyrka
Tumba,Botkyrka
Mörby Centrum,Danderyd
Stocksund,Danderyd
Nora,Danderyd
Lovö,Ekerö
Ribby,Haninge
Handen,Haninge
Tungelsta,Haninge
Vega,Haninge
Jordbro,Haninge
Vårby,Huddinge
Huddinge Centrum,Huddinge
Skogås,Huddinge
Sjödalen-Fullersta,Huddinge
Flemingsberg,Huddinge
Visättra,Huddinge
Trångsund,Huddinge
Segeltorp,Huddinge
Viksjö,Järfälla
Kallhäll,Järfälla
Jakobsberg,Järfälla
Säbysjön,Järfälla
Barkarby,Järfälla
Säby Gård,Järfälla
Jakobsbergs Centrum,Järfälla
Söderhöjden,Järfälla
Hersby,Lidingö
Baggeby,Lidingö
Dalénum,Lidingö
Sticklinge,Lidingö
Skärsätra,Lidingö
Bodal,Lidingö
Käppala,Lidingö
Larsberg,Lidingö
Brevik,Lidingö
Nacka Strand,Nacka
Fisksätra,Nacka
Sickla Strand,Nacka
Finnboda,Nacka
Eknäs,Nacka
Älta,Nacka
Björknäs,Nacka
Finntorp,Nacka
Ektorp,Nacka
Storängen,Nacka
Nacka Centrum,Nacka
Orminge,Nacka
Rimbo,Norrtälje
Brännbo,Sigtuna
Märsta Centrum,Sigtuna
Märsta,Sigtuna
Sigtuna,Sigtuna
Valsta,Sigtuna
Tureberg,Sollentuna
Skälby,Sollentuna
Skytteholm,Solna
Ulriksdal,Solna
Järva,Solna
Råsunda,Solna
Stocksundstorp,Solna
Bergshamra,Solna
Hagalund,Solna
Frösunda,Solna
Huvudsta,Solna
Haga,Solna
Vällingby,Stockholm
Åkeslund,Stockholm
Skarpnäcks Gård,Stockholm
Solhem,Stockholm
Tallkrogen,Stockholm
Södermalm,Stockholm
Älvsjö,Stockholm
Blackeberg,Stockholm
Fagersjö,Stockholm
Gamla Enskede,Stockholm
Johanneshov,Stockholm
Larsboda,Stockholm
Tensta,Stockholm
Västberga,Stockholm
Örby,Stockholm
Rågsved,Stockholm
Traneberg,Stockholm
Ulvsunda Industriområde,Stockholm
Östberga,Stockholm
Skeppsholmen,Stockholm
Hökarängen,Stockholm
Reimersholme,Stockholm
Svedmyra,Stockholm
Äppelviken,Stockholm
Åkeshov,Stockholm
Sätra,Stockholm
Vårberg,Stockholm
Stadshagen,Stockholm
Skärholmen,Stockholm
Råcksta,Stockholm
Vasastaden,Stockholm
Örby Slott,Stockholm
Östermalm,Stockholm
Kungsholmen,Stockholm
Kärrtorp,Stockholm
Hägersten,Stockholm
Högdalen,Stockholm
Ulvsunda,Stockholm
Årsta,Stockholm
Hässelby Strand,Stockholm
Långbro,Stockholm
Långholmen,Stockholm
Mälarhöjden,Stockholm
Nockebyhov,Stockholm
Abrahamsberg,Stockholm
Alvik,Stockholm
Bredäng,Stockholm
Gubbängen,Stockholm
Beckomberga,Stockholm
Bagarmossen,Stockholm
Aspudden,Stockholm
Enskededalen,Stockholm
Grimsta,Stockholm
Akalla,Stockholm
Enskede Gård,Stockholm
Enskedefältet,Stockholm
Fruängen,Stockholm
Gröndal,Stockholm
Hagsätra,Stockholm
Hammarbyhöjden,Stockholm
Kista,Stockholm
Björkhagen,Stockholm
Farsta,Stockholm
Gamla Stan,Stockholm
Ladugårdsgärdet,Stockholm
Kristineberg,Stockholm
Norra Djurgården,Stockholm
Husby,Stockholm
Bandhagen,Stockholm
Liljeholmen,Stockholm
Bromsten,Stockholm
Hjorthagen,Stockholm
Sköndal,Stockholm
Lilla Essingen,Stockholm
Mariehäll,Stockholm
Flysta,Stockholm
Hägerstensåsen,Stockholm
Norrmalm,Stockholm
Hässelby Villastad,Stockholm
Riksby,Stockholm
Rinkeby,Stockholm
Södra Hammarbyhamnen,Stockholm
Farsta Strand,Stockholm
Stureby,Stockholm
Fredhäll,Stockholm
Solberga,Stockholm
Hässelby Gård,Stockholm
Marieberg,Stockholm
Västertorp,Stockholm
Midsommarkransen,Stockholm
Stora ursvik,Sundbyberg
Hallonbergen,Sundbyberg
Lilla Alby,Sundbyberg
Rissne,Sundbyberg
Sundbyberg Centrum,Sundbyberg
Ursvik,Sundbyberg
Geneta,Södertälje
Ronna,Södertälje
Fornhöjden,Södertälje
Karlhov,Södertälje
Blombacka,Södertälje
Saltskog,Södertälje
Bollmora,Tyresö
Näsby Park,Täby
Täby Kyrkby,Täby
Hägernäs,Täby
Carlslund,Upplands väsby
Upplands Väsby,Upplands väsby
Smedby,Upplands väsby
Finnsta,Upplands-bro
Sävja,Uppsala
Vallentuna C,Vallentuna
Djurö,Värmdö
Gustavsberg,Värmdö
Hästhagen,Värmdö
Sandhamn,Värmdö
Hemmesta,Värmdö
Värmdö,Värmdö
Lugnet,Värmdö
Stavsnäs,Värmdö
Munkmora,Värmdö
